{
  "jsonrpc": "2.0",
  "id": 9344,
  "result": [
    {
      "volume_usd": 0,
      "volume": 0,
      "quote_currency": "USD",
      "open_interest": 0,
      "mid_price": null,
      "mark_price": 3579.73,
      "low": null,
      "last": null,
      "instrument_name": "BTC-22FEB19",
      "high": null,
      "estimated_delivery_price": 3579.73,
      "creation_timestamp": 1550230036440,
      "bid_price": null,
      "base_currency": "BTC",
      "ask_price": null
    },
    {
      "volume_usd": 22440,
      "volume": 6.24,
      "quote_currency": "USD",
      "open_interest": 183180,
      "mid_price": null,
      "mark_price": 3579.73,
      "low": 3591,
      "last": 3595,
      "instrument_name": "BTC-PERPETUAL",
      "high": 3595,
      "funding_8h": 0.0002574,
      "estimated_delivery_price": 3579.73,
      "current_funding": 0,
      "creation_timestamp": 1550230036440,
      "bid_price": null,
      "base_currency": "BTC",
      "ask_price": null
    }
  ]
}