{
  "jsonrpc": "2.0",
  "id": 6130,
  "result": {
    "trades": [
      {
        "trade_seq": 14147,
        "trade_id": "ETH-37431",
        "timestamp": 1550570832250,
        "tick_direction": 0,
        "state": "open",
        "self_trade": false,
        "price": 145.17,
        "order_type": "limit",
        "order_id": "ETH-349197",
        "matching_id": null,
        "liquidity": "T",
        "instrument_name": "ETH-PERPETUAL",
        "index_price": 144.82,
        "fee_currency": "ETH",
        "fee": 0.000034,
        "direction": "sell",
        "amount": 10
      }
    ],
    "order": {
      "time_in_force": "good_til_cancelled",
      "reduce_only": true,
      "profit_loss": 0,
      "price": 145.17,
      "post_only": false,
      "order_type": "limit",
      "order_state": "open",
      "order_id": "ETH-349197",
      "max_show": 27475,
      "last_update_timestamp": 1550570832250,
      "label": "",
      "is_liquidation": false,
      "instrument_name": "ETH-PERPETUAL",
      "filled_amount": 10,
      "direction": "sell",
      "creation_timestamp": 1550570832250,
      "commission": 0.000034,
      "average_price": 145.17,
      "api": false,
      "amount": 27475
    }
  }
}