{
  "jsonrpc": "2.0",
  "id": 3725,
  "result": {
    "trades": [],
    "order": {
      "time_in_force": "good_til_cancelled",
      "reduce_only": false,
      "profit_loss": 0,
      "price": 0.1448,
      "post_only": false,
      "order_type": "limit",
      "order_state": "open",
      "order_id": "438994",
      "max_show": 4,
      "last_update_timestamp": 1550585797677,
      "label": "",
      "is_liquidation": false,
      "instrument_name": "BTC-22FEB19-3500-C",
      "implv": 222,
      "filled_amount": 0,
      "direction": "buy",
      "creation_timestamp": 1550585741277,
      "commission": 0,
      "average_price": 0,
      "api": false,
      "amount": 4,
      "advanced": "implv"
    }
  }
}