{
  "jsonrpc": "2.0",
  "id": 5728,
  "result": {
    "trades": [
      {
        "trade_seq": 10722,
        "trade_id": "ETH-33999",
        "timestamp": 1550219810814,
        "tick_direction": 1,
        "state": "open",
        "self_trade": false,
        "price": 118.94,
        "order_type": "limit",
        "order_id": "ETH-331562",
        "matching_id": null,
        "liquidity": "M",
        "instrument_name": "ETH-PERPETUAL",
        "index_price": 121.37,
        "fee_currency": "ETH",
        "fee": 0.000007,
        "direction": "sell",
        "amount": 8
      },
      {
        "trade_seq": 10723,
        "trade_id": "ETH-34000",
        "timestamp": 1550219810816,
        "tick_direction": 1,
        "state": "open",
        "self_trade": false,
        "price": 118.94,
        "order_type": "limit",
        "order_id": "ETH-331562",
        "matching_id": null,
        "liquidity": "M",
        "instrument_name": "ETH-PERPETUAL",
        "index_price": 121.37,
        "fee_currency": "ETH",
        "fee": 0.000004,
        "direction": "sell",
        "amount": 5
      }
    ],
    "has_more": true
  }
}