{
    "jsonrpc": "2.0",
    "id": 8442,
    "result": [
        {
            "time_in_force": "good_til_cancelled",
            "reduce_only": false,
            "profit_loss": 0,
            "price": 0.135,
            "post_only": false,
            "order_type": "limit",
            "order_state": "open",
            "order_id": "ETH-252017",
            "max_show": 10,
            "last_update_timestamp": 1550050594882,
            "label": "",
            "is_liquidation": false,
            "instrument_name": "ETH-22FEB19-120-C",
            "filled_amount": 0,
            "direction": "sell",
            "creation_timestamp": 1550050594882,
            "commission": 0,
            "average_price": 0,
            "api": true,
            "amount": 10
        }
    ]
}