{
  "jsonrpc": "2.0",
  "id": 3466,
  "result": [
    {
      "trade_seq": 9910,
      "trade_id": "ETH-33186",
      "timestamp": 1550219763047,
      "tick_direction": 1,
      "state": "closed",
      "self_trade": false,
      "price": 118.92,
      "order_type": "limit",
      "order_id": "ETH-332357",
      "matching_id": null,
      "liquidity": "T",
      "instrument_name": "ETH-PERPETUAL",
      "index_price": 121.37,
      "fee_currency": "ETH",
      "fee": 0.000139,
      "direction": "buy",
      "amount": 33
    }
  ]
}