{
  "jsonrpc": "2.0",
  "id": 2236,
  "result": [
      {
          "average_price": 0,
          "delta": 0,
          "direction": "buy",
          "estimated_liquidation_price": 0,
          "floating_profit_loss": 0,
          "index_price": 3563.04,
          "initial_margin": 0,
          "instrument_name": "BTC-PERPETUAL",
          "kind": "future",
          "maintenance_margin": 0,
          "mark_price": 3579.63,
          "open_orders_margin": 0.000139733,
          "realized_profit_loss": 0,
          "settlement_price": 3561.74,
          "size_currency": 0,
          "size": 0,
          "total_profit_loss": 0
      }
  ]
}
