{
  "params": {
      "data": [
          {
              "enabled": true,
              "identifier": "bitfinex",
              "price": 4001.15,
              "timestamp": 1550650265694,
              "weight": 0
          },
          {
              "enabled": true,
              "identifier": "bitstamp",
              "price": 3891.43,
              "timestamp": 1550650264392,
              "weight": 25
          },
          {
              "enabled": true,
              "identifier": "gdax",
              "price": 3891.32,
              "timestamp": 1550650265693,
              "weight": 25
          },
          {
              "enabled": true,
              "identifier": "gemini",
              "price": 3889.36,
              "timestamp": 1550650265698,
              "weight": 0
          },
          {
              "enabled": true,
              "identifier": "itbit",
              "price": 3889.5,
              "timestamp": 1550650263372,
              "weight": 25
          },
          {
              "enabled": true,
              "identifier": "kraken",
              "price": 3890.8,
              "timestamp": 1550650246566,
              "weight": 25
          }
      ],
      "channel": "deribit_price_ranking.btc_usd"
  },
  "method": "subscription",
  "jsonrpc": "2.0"
}
