{
  "params": {
      "data": [
          {
              "mark_price": 0.06968487603001122,
              "iv": 1.5000001635583038,
              "instrument_name": "BTC-22FEB19-3750-C"
          },
          {
              "mark_price": 0.11710577915095444,
              "iv": 1.5000001635583038,
              "instrument_name": "BTC-22FEB19-3500-C"
          },
          {
              "mark_price": 0.09814100017129308,
              "iv": 1.5000001635583038,
              "instrument_name": "BTC-22FEB19-4250-P"
          },
          {
              "mark_price": 0.008084913622698415,
              "iv": 1.5000001635583038,
              "instrument_name": "BTC-22FEB19-3500-P"
          },
          {
              "mark_price": 0.03613861512644225,
              "iv": 1.5000001635583038,
              "instrument_name": "BTC-22FEB19-4000-C"
          }
      ],
      "channel": "markprice.options.btc_usd"
  },
  "method": "subscription",
  "jsonrpc": "2.0"
}
