{
  "params": {
      "channel": "trades.BTC-PERPETUAL.raw",
      "data": [
          {
              "amount": 10,
              "direction": "sell",
              "index_price": 3930.73,
              "instrument_name": "BTC-PERPETUAL",
              "price": 3948.69,
              "tick_direction": 3,
              "timestamp": 1550736299753,
              "trade_id": "9178",
              "trade_seq": 933
          },
          {
              "amount": 40,
              "direction": "sell",
              "index_price": 3930.73,
              "instrument_name": "BTC-PERPETUAL",
              "price": 3946.07,
              "tick_direction": 2,
              "timestamp": 1550736299753,
              "trade_id": "9179",
              "trade_seq": 934
          }
      ]
  },
  "method": "subscription",
  "jsonrpc": "2.0"
}

