{
  "jsonrpc": "2.0",
  "method": "subscription",
  "params": {
    "channel": "user.trades.future.BTC.100ms",
    "data": [
      {
        "trade_seq": 30406,
        "trade_id": "73324",
        "timestamp": 1550826421323,
        "tick_direction": 3,
        "state": "closed",
        "self_trade": false,
        "price": 3928.5,
        "order_type": "limit",
        "order_id": "476145",
        "matching_id": null,
        "liquidity": "M",
        "instrument_name": "BTC-PERPETUAL",
        "index_price": 3924.12,
        "fee_currency": "BTC",
        "fee": 0.00000331,
        "direction": "buy",
        "amount": 130
      }
    ]
  }
}