{
  "jsonrpc": "2.0",
  "method": "subscription",
  "params": {
    "channel": "user.changes.future.BTC.raw",
    "data": {
      "instrument_name": "BTC-PERPETUAL",
       "trades": [
        {
          "trade_seq": 15278,
          "trade_id": "91222",
          "timestamp": 1558519792112,
          "tick_direction": 1,
          "state": "closed",
          "self_trade": false,
          "price": 7885.5,
          "order_type": "limit",
          "order_id": "486379",
          "matching_id": null,
          "liquidity": "T",
          "instrument_name": "BTC-PERPETUAL",
          "index_price": 7874.94,
          "fee_currency": "BTC",
          "fee": 0.00000127,
          "direction": "sell",
          "amount": 20
        }
      ],
      "positions": [
        {
          "total_profit_loss": -0.00310939,
          "size_currency": -0.091306829,
          "size": -720,
          "settlement_price": 7879.55,
          "realized_profit_loss": -0.00017348,
          "open_orders_margin": 0,
          "mark_price": 7885.5,
          "maintenance_margin": 0.001963514,
          "kind": "future",
          "instrument_name": "BTC-PERPETUAL",
          "initial_margin": 0.002693968,
          "index_price": 7874.94,
          "floating_profit_loss": -0.000059372,
          "estimated_liquidation_price": 99999.99,
          "direction": "sell",
          "delta": -0.091306829,
          "average_price": 7625.81
        }
      ],
      "orders": [
        {
          "time_in_force": "good_til_cancelled",
          "reduce_only": false,
          "profit_loss": 0,
          "price": 7885,
          "post_only": false,
          "order_type": "limit",
          "order_state": "filled",
          "order_id": "486379",
          "max_show": 20,
          "last_update_timestamp": 1558519792112,
          "label": "",
          "is_liquidation": false,
          "instrument_name": "BTC-PERPETUAL",
          "filled_amount": 20,
          "direction": "sell",
          "creation_timestamp": 1558519792112,
          "commission": 0.00000127,
          "average_price": 7885.5,
          "api": false,
          "amount": 20
        }
      ]
    }
  }
}